--
-- PostgreSQL database dump
--

-- Dumped from database version 13.18 (Debian 13.18-1.pgdg120+1)
-- Dumped by pg_dump version 13.18 (Debian 13.18-1.pgdg120+1)

SET statement_timeout = 0;
SET lock_timeout = 0;
SET idle_in_transaction_session_timeout = 0;
SET client_encoding = 'UTF8';
SET standard_conforming_strings = on;
SELECT pg_catalog.set_config('search_path', '', false);
SET check_function_bodies = false;
SET xmloption = content;
SET client_min_messages = warning;
SET row_security = off;

SET default_tablespace = '';

SET default_table_access_method = heap;

--
-- Name: accounts_user; Type: TABLE; Schema: public; Owner: postgres
--

CREATE TABLE public.accounts_user (
    id integer NOT NULL,
    password character varying(128) NOT NULL,
    last_login timestamp with time zone,
    is_superuser boolean NOT NULL,
    email character varying(255) NOT NULL,
    is_staff boolean NOT NULL,
    is_active boolean NOT NULL,
    date_joined timestamp with time zone NOT NULL,
    last_updated timestamp with time zone NOT NULL
);


ALTER TABLE public.accounts_user OWNER TO postgres;

--
-- Name: accounts_user_groups; Type: TABLE; Schema: public; Owner: postgres
--

CREATE TABLE public.accounts_user_groups (
    id integer NOT NULL,
    user_id integer NOT NULL,
    group_id integer NOT NULL
);


ALTER TABLE public.accounts_user_groups OWNER TO postgres;

--
-- Name: accounts_user_groups_id_seq; Type: SEQUENCE; Schema: public; Owner: postgres
--

ALTER TABLE public.accounts_user_groups ALTER COLUMN id ADD GENERATED BY DEFAULT AS IDENTITY (
    SEQUENCE NAME public.accounts_user_groups_id_seq
    START WITH 1
    INCREMENT BY 1
    NO MINVALUE
    NO MAXVALUE
    CACHE 1
);


--
-- Name: accounts_user_id_seq; Type: SEQUENCE; Schema: public; Owner: postgres
--

ALTER TABLE public.accounts_user ALTER COLUMN id ADD GENERATED BY DEFAULT AS IDENTITY (
    SEQUENCE NAME public.accounts_user_id_seq
    START WITH 1
    INCREMENT BY 1
    NO MINVALUE
    NO MAXVALUE
    CACHE 1
);


--
-- Name: accounts_user_user_permissions; Type: TABLE; Schema: public; Owner: postgres
--

CREATE TABLE public.accounts_user_user_permissions (
    id integer NOT NULL,
    user_id integer NOT NULL,
    permission_id integer NOT NULL
);


ALTER TABLE public.accounts_user_user_permissions OWNER TO postgres;

--
-- Name: accounts_user_user_permissions_id_seq; Type: SEQUENCE; Schema: public; Owner: postgres
--

ALTER TABLE public.accounts_user_user_permissions ALTER COLUMN id ADD GENERATED BY DEFAULT AS IDENTITY (
    SEQUENCE NAME public.accounts_user_user_permissions_id_seq
    START WITH 1
    INCREMENT BY 1
    NO MINVALUE
    NO MAXVALUE
    CACHE 1
);


--
-- Name: auth_group; Type: TABLE; Schema: public; Owner: postgres
--

CREATE TABLE public.auth_group (
    id integer NOT NULL,
    name character varying(150) NOT NULL
);


ALTER TABLE public.auth_group OWNER TO postgres;

--
-- Name: auth_group_id_seq; Type: SEQUENCE; Schema: public; Owner: postgres
--

ALTER TABLE public.auth_group ALTER COLUMN id ADD GENERATED BY DEFAULT AS IDENTITY (
    SEQUENCE NAME public.auth_group_id_seq
    START WITH 1
    INCREMENT BY 1
    NO MINVALUE
    NO MAXVALUE
    CACHE 1
);


--
-- Name: auth_group_permissions; Type: TABLE; Schema: public; Owner: postgres
--

CREATE TABLE public.auth_group_permissions (
    id integer NOT NULL,
    group_id integer NOT NULL,
    permission_id integer NOT NULL
);


ALTER TABLE public.auth_group_permissions OWNER TO postgres;

--
-- Name: auth_group_permissions_id_seq; Type: SEQUENCE; Schema: public; Owner: postgres
--

ALTER TABLE public.auth_group_permissions ALTER COLUMN id ADD GENERATED BY DEFAULT AS IDENTITY (
    SEQUENCE NAME public.auth_group_permissions_id_seq
    START WITH 1
    INCREMENT BY 1
    NO MINVALUE
    NO MAXVALUE
    CACHE 1
);


--
-- Name: auth_permission; Type: TABLE; Schema: public; Owner: postgres
--

CREATE TABLE public.auth_permission (
    id integer NOT NULL,
    name character varying(255) NOT NULL,
    content_type_id integer NOT NULL,
    codename character varying(100) NOT NULL
);


ALTER TABLE public.auth_permission OWNER TO postgres;

--
-- Name: auth_permission_id_seq; Type: SEQUENCE; Schema: public; Owner: postgres
--

ALTER TABLE public.auth_permission ALTER COLUMN id ADD GENERATED BY DEFAULT AS IDENTITY (
    SEQUENCE NAME public.auth_permission_id_seq
    START WITH 1
    INCREMENT BY 1
    NO MINVALUE
    NO MAXVALUE
    CACHE 1
);


--
-- Name: calendarapp_classoccurrence; Type: TABLE; Schema: public; Owner: postgres
--

CREATE TABLE public.calendarapp_classoccurrence (
    id integer NOT NULL,
    date date NOT NULL,
    event_id integer NOT NULL
);


ALTER TABLE public.calendarapp_classoccurrence OWNER TO postgres;

--
-- Name: calendarapp_classoccurrence_id_seq; Type: SEQUENCE; Schema: public; Owner: postgres
--

ALTER TABLE public.calendarapp_classoccurrence ALTER COLUMN id ADD GENERATED BY DEFAULT AS IDENTITY (
    SEQUENCE NAME public.calendarapp_classoccurrence_id_seq
    START WITH 1
    INCREMENT BY 1
    NO MINVALUE
    NO MAXVALUE
    CACHE 1
);


--
-- Name: calendarapp_event; Type: TABLE; Schema: public; Owner: postgres
--

CREATE TABLE public.calendarapp_event (
    id integer NOT NULL,
    is_active boolean NOT NULL,
    is_deleted boolean NOT NULL,
    is_private boolean NOT NULL,
    created_at timestamp with time zone NOT NULL,
    updated_at timestamp with time zone NOT NULL,
    name character varying(200),
    days character varying(50),
    from_time time without time zone,
    to_time time without time zone,
    start_duration date,
    end_duration date,
    instructor_id integer,
    studio_location_id integer,
    user_id integer NOT NULL
);


ALTER TABLE public.calendarapp_event OWNER TO postgres;

--
-- Name: calendarapp_event_id_seq; Type: SEQUENCE; Schema: public; Owner: postgres
--

ALTER TABLE public.calendarapp_event ALTER COLUMN id ADD GENERATED BY DEFAULT AS IDENTITY (
    SEQUENCE NAME public.calendarapp_event_id_seq
    START WITH 1
    INCREMENT BY 1
    NO MINVALUE
    NO MAXVALUE
    CACHE 1
);


--
-- Name: calendarapp_eventmember; Type: TABLE; Schema: public; Owner: postgres
--

CREATE TABLE public.calendarapp_eventmember (
    id integer NOT NULL,
    is_active boolean NOT NULL,
    is_deleted boolean NOT NULL,
    is_private boolean NOT NULL,
    created_at timestamp with time zone NOT NULL,
    updated_at timestamp with time zone NOT NULL,
    event_id integer NOT NULL,
    user_id bigint NOT NULL
);


ALTER TABLE public.calendarapp_eventmember OWNER TO postgres;

--
-- Name: calendarapp_eventmember_id_seq; Type: SEQUENCE; Schema: public; Owner: postgres
--

ALTER TABLE public.calendarapp_eventmember ALTER COLUMN id ADD GENERATED BY DEFAULT AS IDENTITY (
    SEQUENCE NAME public.calendarapp_eventmember_id_seq
    START WITH 1
    INCREMENT BY 1
    NO MINVALUE
    NO MAXVALUE
    CACHE 1
);


--
-- Name: calendarapp_instructor; Type: TABLE; Schema: public; Owner: postgres
--

CREATE TABLE public.calendarapp_instructor (
    id integer NOT NULL,
    name character varying(100) NOT NULL,
    phone_number character varying(15) NOT NULL,
    share_percentage_group numeric(5,2),
    share_percentage_private numeric(5,2)
);


ALTER TABLE public.calendarapp_instructor OWNER TO postgres;

--
-- Name: calendarapp_instructor_id_seq; Type: SEQUENCE; Schema: public; Owner: postgres
--

ALTER TABLE public.calendarapp_instructor ALTER COLUMN id ADD GENERATED BY DEFAULT AS IDENTITY (
    SEQUENCE NAME public.calendarapp_instructor_id_seq
    START WITH 1
    INCREMENT BY 1
    NO MINVALUE
    NO MAXVALUE
    CACHE 1
);


--
-- Name: calendarapp_package; Type: TABLE; Schema: public; Owner: postgres
--

CREATE TABLE public.calendarapp_package (
    id integer NOT NULL,
    number_of_sessions integer NOT NULL,
    member_price integer NOT NULL,
    non_member_price integer NOT NULL,
    duration interval NOT NULL,
    package_type_id integer,
    CONSTRAINT calendarapp_package_number_of_sessions_check CHECK ((number_of_sessions >= 0))
);


ALTER TABLE public.calendarapp_package OWNER TO postgres;

--
-- Name: calendarapp_package_id_seq; Type: SEQUENCE; Schema: public; Owner: postgres
--

ALTER TABLE public.calendarapp_package ALTER COLUMN id ADD GENERATED BY DEFAULT AS IDENTITY (
    SEQUENCE NAME public.calendarapp_package_id_seq
    START WITH 1
    INCREMENT BY 1
    NO MINVALUE
    NO MAXVALUE
    CACHE 1
);


--
-- Name: calendarapp_packagetype; Type: TABLE; Schema: public; Owner: postgres
--

CREATE TABLE public.calendarapp_packagetype (
    id integer NOT NULL,
    name character varying(100) NOT NULL
);


ALTER TABLE public.calendarapp_packagetype OWNER TO postgres;

--
-- Name: calendarapp_packagetype_id_seq; Type: SEQUENCE; Schema: public; Owner: postgres
--

ALTER TABLE public.calendarapp_packagetype ALTER COLUMN id ADD GENERATED BY DEFAULT AS IDENTITY (
    SEQUENCE NAME public.calendarapp_packagetype_id_seq
    START WITH 1
    INCREMENT BY 1
    NO MINVALUE
    NO MAXVALUE
    CACHE 1
);


--
-- Name: calendarapp_studiolocation; Type: TABLE; Schema: public; Owner: postgres
--

CREATE TABLE public.calendarapp_studiolocation (
    id integer NOT NULL,
    name character varying(100) NOT NULL,
    address text NOT NULL,
    share_percentage numeric(5,2)
);


ALTER TABLE public.calendarapp_studiolocation OWNER TO postgres;

--
-- Name: calendarapp_studiolocation_id_seq; Type: SEQUENCE; Schema: public; Owner: postgres
--

ALTER TABLE public.calendarapp_studiolocation ALTER COLUMN id ADD GENERATED BY DEFAULT AS IDENTITY (
    SEQUENCE NAME public.calendarapp_studiolocation_id_seq
    START WITH 1
    INCREMENT BY 1
    NO MINVALUE
    NO MAXVALUE
    CACHE 1
);


--
-- Name: clients_attendance; Type: TABLE; Schema: public; Owner: postgres
--

CREATE TABLE public.clients_attendance (
    id bigint NOT NULL,
    attendance_date date NOT NULL,
    client_id bigint NOT NULL,
    event_id integer NOT NULL
);


ALTER TABLE public.clients_attendance OWNER TO postgres;

--
-- Name: clients_attendance_id_seq; Type: SEQUENCE; Schema: public; Owner: postgres
--

ALTER TABLE public.clients_attendance ALTER COLUMN id ADD GENERATED BY DEFAULT AS IDENTITY (
    SEQUENCE NAME public.clients_attendance_id_seq
    START WITH 1
    INCREMENT BY 1
    NO MINVALUE
    NO MAXVALUE
    CACHE 1
);


--
-- Name: clients_client; Type: TABLE; Schema: public; Owner: postgres
--

CREATE TABLE public.clients_client (
    id bigint NOT NULL,
    name character varying(100) NOT NULL,
    address text NOT NULL,
    email character varying(254) NOT NULL,
    phone_number character varying(11) NOT NULL,
    preferred_time text,
    is_member boolean NOT NULL
);


ALTER TABLE public.clients_client OWNER TO postgres;

--
-- Name: clients_client_id_seq; Type: SEQUENCE; Schema: public; Owner: postgres
--

ALTER TABLE public.clients_client ALTER COLUMN id ADD GENERATED BY DEFAULT AS IDENTITY (
    SEQUENCE NAME public.clients_client_id_seq
    START WITH 1
    INCREMENT BY 1
    NO MINVALUE
    NO MAXVALUE
    CACHE 1
);


--
-- Name: clients_registration; Type: TABLE; Schema: public; Owner: postgres
--

CREATE TABLE public.clients_registration (
    id bigint NOT NULL,
    payment_type character varying(20) NOT NULL,
    price_paid numeric(10,2) NOT NULL,
    price_left numeric(10,2) NOT NULL,
    classes_attended integer NOT NULL,
    classes_left integer NOT NULL,
    registration_date timestamp with time zone,
    expiration_date timestamp with time zone,
    class_obj_id integer NOT NULL,
    client_id bigint NOT NULL,
    package_id integer,
    package_type_id integer,
    CONSTRAINT clients_registration_classes_attended_check CHECK ((classes_attended >= 0)),
    CONSTRAINT clients_registration_classes_left_check CHECK ((classes_left >= 0))
);


ALTER TABLE public.clients_registration OWNER TO postgres;

--
-- Name: clients_registration_id_seq; Type: SEQUENCE; Schema: public; Owner: postgres
--

ALTER TABLE public.clients_registration ALTER COLUMN id ADD GENERATED BY DEFAULT AS IDENTITY (
    SEQUENCE NAME public.clients_registration_id_seq
    START WITH 1
    INCREMENT BY 1
    NO MINVALUE
    NO MAXVALUE
    CACHE 1
);


--
-- Name: clients_transaction; Type: TABLE; Schema: public; Owner: postgres
--

CREATE TABLE public.clients_transaction (
    id bigint NOT NULL,
    value_paid numeric(10,2) NOT NULL,
    payment_method character varying(10),
    date timestamp with time zone NOT NULL,
    receipt_number integer NOT NULL,
    client_id bigint NOT NULL,
    registration_id bigint,
    CONSTRAINT clients_transaction_receipt_number_check CHECK ((receipt_number >= 0))
);


ALTER TABLE public.clients_transaction OWNER TO postgres;

--
-- Name: clients_transaction_id_seq; Type: SEQUENCE; Schema: public; Owner: postgres
--

ALTER TABLE public.clients_transaction ALTER COLUMN id ADD GENERATED BY DEFAULT AS IDENTITY (
    SEQUENCE NAME public.clients_transaction_id_seq
    START WITH 1
    INCREMENT BY 1
    NO MINVALUE
    NO MAXVALUE
    CACHE 1
);


--
-- Name: clients_transactionsettings; Type: TABLE; Schema: public; Owner: postgres
--

CREATE TABLE public.clients_transactionsettings (
    id bigint NOT NULL,
    starting_receipt_number integer NOT NULL,
    CONSTRAINT clients_transactionsettings_starting_receipt_number_check CHECK ((starting_receipt_number >= 0))
);


ALTER TABLE public.clients_transactionsettings OWNER TO postgres;

--
-- Name: clients_transactionsettings_id_seq; Type: SEQUENCE; Schema: public; Owner: postgres
--

ALTER TABLE public.clients_transactionsettings ALTER COLUMN id ADD GENERATED BY DEFAULT AS IDENTITY (
    SEQUENCE NAME public.clients_transactionsettings_id_seq
    START WITH 1
    INCREMENT BY 1
    NO MINVALUE
    NO MAXVALUE
    CACHE 1
);


--
-- Name: django_admin_log; Type: TABLE; Schema: public; Owner: postgres
--

CREATE TABLE public.django_admin_log (
    id integer NOT NULL,
    action_time timestamp with time zone NOT NULL,
    object_id text,
    object_repr character varying(200) NOT NULL,
    action_flag smallint NOT NULL,
    change_message text NOT NULL,
    content_type_id integer,
    user_id integer NOT NULL,
    CONSTRAINT django_admin_log_action_flag_check CHECK ((action_flag >= 0))
);


ALTER TABLE public.django_admin_log OWNER TO postgres;

--
-- Name: django_admin_log_id_seq; Type: SEQUENCE; Schema: public; Owner: postgres
--

ALTER TABLE public.django_admin_log ALTER COLUMN id ADD GENERATED BY DEFAULT AS IDENTITY (
    SEQUENCE NAME public.django_admin_log_id_seq
    START WITH 1
    INCREMENT BY 1
    NO MINVALUE
    NO MAXVALUE
    CACHE 1
);


--
-- Name: django_content_type; Type: TABLE; Schema: public; Owner: postgres
--

CREATE TABLE public.django_content_type (
    id integer NOT NULL,
    app_label character varying(100) NOT NULL,
    model character varying(100) NOT NULL
);


ALTER TABLE public.django_content_type OWNER TO postgres;

--
-- Name: django_content_type_id_seq; Type: SEQUENCE; Schema: public; Owner: postgres
--

ALTER TABLE public.django_content_type ALTER COLUMN id ADD GENERATED BY DEFAULT AS IDENTITY (
    SEQUENCE NAME public.django_content_type_id_seq
    START WITH 1
    INCREMENT BY 1
    NO MINVALUE
    NO MAXVALUE
    CACHE 1
);


--
-- Name: django_migrations; Type: TABLE; Schema: public; Owner: postgres
--

CREATE TABLE public.django_migrations (
    id integer NOT NULL,
    app character varying(255) NOT NULL,
    name character varying(255) NOT NULL,
    applied timestamp with time zone NOT NULL
);


ALTER TABLE public.django_migrations OWNER TO postgres;

--
-- Name: django_migrations_id_seq; Type: SEQUENCE; Schema: public; Owner: postgres
--

ALTER TABLE public.django_migrations ALTER COLUMN id ADD GENERATED BY DEFAULT AS IDENTITY (
    SEQUENCE NAME public.django_migrations_id_seq
    START WITH 1
    INCREMENT BY 1
    NO MINVALUE
    NO MAXVALUE
    CACHE 1
);


--
-- Name: django_session; Type: TABLE; Schema: public; Owner: postgres
--

CREATE TABLE public.django_session (
    session_key character varying(40) NOT NULL,
    session_data text NOT NULL,
    expire_date timestamp with time zone NOT NULL
);


ALTER TABLE public.django_session OWNER TO postgres;

--
-- Data for Name: accounts_user; Type: TABLE DATA; Schema: public; Owner: postgres
--

COPY public.accounts_user (id, password, last_login, is_superuser, email, is_staff, is_active, date_joined, last_updated) FROM stdin;
1	pbkdf2_sha256$600000$Uv6qNpSlf8B59UEEhdzyFf$MrPdVnUvrQwc9z0q44abGx4Y29ev8XjCLdGYYgBzP7M=	2025-01-13 11:19:26.89353+00	f	shahd.hesham1605@gmail.com	f	t	2025-01-13 11:19:24.100282+00	2025-01-13 11:19:24.100294+00
\.


--
-- Data for Name: accounts_user_groups; Type: TABLE DATA; Schema: public; Owner: postgres
--

COPY public.accounts_user_groups (id, user_id, group_id) FROM stdin;
\.


--
-- Data for Name: accounts_user_user_permissions; Type: TABLE DATA; Schema: public; Owner: postgres
--

COPY public.accounts_user_user_permissions (id, user_id, permission_id) FROM stdin;
\.


--
-- Data for Name: auth_group; Type: TABLE DATA; Schema: public; Owner: postgres
--

COPY public.auth_group (id, name) FROM stdin;
\.


--
-- Data for Name: auth_group_permissions; Type: TABLE DATA; Schema: public; Owner: postgres
--

COPY public.auth_group_permissions (id, group_id, permission_id) FROM stdin;
\.


--
-- Data for Name: auth_permission; Type: TABLE DATA; Schema: public; Owner: postgres
--

COPY public.auth_permission (id, name, content_type_id, codename) FROM stdin;
1	Can add log entry	1	add_logentry
2	Can change log entry	1	change_logentry
3	Can delete log entry	1	delete_logentry
4	Can view log entry	1	view_logentry
5	Can add permission	2	add_permission
6	Can change permission	2	change_permission
7	Can delete permission	2	delete_permission
8	Can view permission	2	view_permission
9	Can add group	3	add_group
10	Can change group	3	change_group
11	Can delete group	3	delete_group
12	Can view group	3	view_group
13	Can add content type	4	add_contenttype
14	Can change content type	4	change_contenttype
15	Can delete content type	4	delete_contenttype
16	Can view content type	4	view_contenttype
17	Can add session	5	add_session
18	Can change session	5	change_session
19	Can delete session	5	delete_session
20	Can view session	5	view_session
21	Can add class occurrence	6	add_classoccurrence
22	Can change class occurrence	6	change_classoccurrence
23	Can delete class occurrence	6	delete_classoccurrence
24	Can view class occurrence	6	view_classoccurrence
25	Can add event	7	add_event
26	Can change event	7	change_event
27	Can delete event	7	delete_event
28	Can view event	7	view_event
29	Can add instructor	8	add_instructor
30	Can change instructor	8	change_instructor
31	Can delete instructor	8	delete_instructor
32	Can view instructor	8	view_instructor
33	Can add package type	9	add_packagetype
34	Can change package type	9	change_packagetype
35	Can delete package type	9	delete_packagetype
36	Can view package type	9	view_packagetype
37	Can add studio location	10	add_studiolocation
38	Can change studio location	10	change_studiolocation
39	Can delete studio location	10	delete_studiolocation
40	Can view studio location	10	view_studiolocation
41	Can add package	11	add_package
42	Can change package	11	change_package
43	Can delete package	11	delete_package
44	Can view package	11	view_package
45	Can add event member	12	add_eventmember
46	Can change event member	12	change_eventmember
47	Can delete event member	12	delete_eventmember
48	Can view event member	12	view_eventmember
49	Can add user	13	add_user
50	Can change user	13	change_user
51	Can delete user	13	delete_user
52	Can view user	13	view_user
53	Can add client	14	add_client
54	Can change client	14	change_client
55	Can delete client	14	delete_client
56	Can view client	14	view_client
57	Can add registration	15	add_registration
58	Can change registration	15	change_registration
59	Can delete registration	15	delete_registration
60	Can view registration	15	view_registration
61	Can add transaction settings	16	add_transactionsettings
62	Can change transaction settings	16	change_transactionsettings
63	Can delete transaction settings	16	delete_transactionsettings
64	Can view transaction settings	16	view_transactionsettings
65	Can add transaction	17	add_transaction
66	Can change transaction	17	change_transaction
67	Can delete transaction	17	delete_transaction
68	Can view transaction	17	view_transaction
69	Can add attendance	18	add_attendance
70	Can change attendance	18	change_attendance
71	Can delete attendance	18	delete_attendance
72	Can view attendance	18	view_attendance
\.


--
-- Data for Name: calendarapp_classoccurrence; Type: TABLE DATA; Schema: public; Owner: postgres
--

COPY public.calendarapp_classoccurrence (id, date, event_id) FROM stdin;
\.


--
-- Data for Name: calendarapp_event; Type: TABLE DATA; Schema: public; Owner: postgres
--

COPY public.calendarapp_event (id, is_active, is_deleted, is_private, created_at, updated_at, name, days, from_time, to_time, start_duration, end_duration, instructor_id, studio_location_id, user_id) FROM stdin;
\.


--
-- Data for Name: calendarapp_eventmember; Type: TABLE DATA; Schema: public; Owner: postgres
--

COPY public.calendarapp_eventmember (id, is_active, is_deleted, is_private, created_at, updated_at, event_id, user_id) FROM stdin;
\.


--
-- Data for Name: calendarapp_instructor; Type: TABLE DATA; Schema: public; Owner: postgres
--

COPY public.calendarapp_instructor (id, name, phone_number, share_percentage_group, share_percentage_private) FROM stdin;
\.


--
-- Data for Name: calendarapp_package; Type: TABLE DATA; Schema: public; Owner: postgres
--

COPY public.calendarapp_package (id, number_of_sessions, member_price, non_member_price, duration, package_type_id) FROM stdin;
\.


--
-- Data for Name: calendarapp_packagetype; Type: TABLE DATA; Schema: public; Owner: postgres
--

COPY public.calendarapp_packagetype (id, name) FROM stdin;
\.


--
-- Data for Name: calendarapp_studiolocation; Type: TABLE DATA; Schema: public; Owner: postgres
--

COPY public.calendarapp_studiolocation (id, name, address, share_percentage) FROM stdin;
\.


--
-- Data for Name: clients_attendance; Type: TABLE DATA; Schema: public; Owner: postgres
--

COPY public.clients_attendance (id, attendance_date, client_id, event_id) FROM stdin;
\.


--
-- Data for Name: clients_client; Type: TABLE DATA; Schema: public; Owner: postgres
--

COPY public.clients_client (id, name, address, email, phone_number, preferred_time, is_member) FROM stdin;
1	shahd	6th october	shahd.hesham1605@gmail.com	01011170770	sundays, wednesdays	t
\.


--
-- Data for Name: clients_registration; Type: TABLE DATA; Schema: public; Owner: postgres
--

COPY public.clients_registration (id, payment_type, price_paid, price_left, classes_attended, classes_left, registration_date, expiration_date, class_obj_id, client_id, package_id, package_type_id) FROM stdin;
\.


--
-- Data for Name: clients_transaction; Type: TABLE DATA; Schema: public; Owner: postgres
--

COPY public.clients_transaction (id, value_paid, payment_method, date, receipt_number, client_id, registration_id) FROM stdin;
\.


--
-- Data for Name: clients_transactionsettings; Type: TABLE DATA; Schema: public; Owner: postgres
--

COPY public.clients_transactionsettings (id, starting_receipt_number) FROM stdin;
\.


--
-- Data for Name: django_admin_log; Type: TABLE DATA; Schema: public; Owner: postgres
--

COPY public.django_admin_log (id, action_time, object_id, object_repr, action_flag, change_message, content_type_id, user_id) FROM stdin;
\.


--
-- Data for Name: django_content_type; Type: TABLE DATA; Schema: public; Owner: postgres
--

COPY public.django_content_type (id, app_label, model) FROM stdin;
1	admin	logentry
2	auth	permission
3	auth	group
4	contenttypes	contenttype
5	sessions	session
6	calendarapp	classoccurrence
7	calendarapp	event
8	calendarapp	instructor
9	calendarapp	packagetype
10	calendarapp	studiolocation
11	calendarapp	package
12	calendarapp	eventmember
13	accounts	user
14	clients	client
15	clients	registration
16	clients	transactionsettings
17	clients	transaction
18	clients	attendance
\.


--
-- Data for Name: django_migrations; Type: TABLE DATA; Schema: public; Owner: postgres
--

COPY public.django_migrations (id, app, name, applied) FROM stdin;
1	contenttypes	0001_initial	2025-01-13 10:57:42.612913+00
2	contenttypes	0002_remove_content_type_name	2025-01-13 10:57:42.621156+00
3	auth	0001_initial	2025-01-13 10:57:42.663246+00
4	auth	0002_alter_permission_name_max_length	2025-01-13 10:57:42.670823+00
5	auth	0003_alter_user_email_max_length	2025-01-13 10:57:42.676726+00
6	auth	0004_alter_user_username_opts	2025-01-13 10:57:42.681331+00
7	auth	0005_alter_user_last_login_null	2025-01-13 10:57:42.686865+00
8	auth	0006_require_contenttypes_0002	2025-01-13 10:57:42.688443+00
9	auth	0007_alter_validators_add_error_messages	2025-01-13 10:57:42.692832+00
10	auth	0008_alter_user_username_max_length	2025-01-13 10:57:42.696329+00
11	auth	0009_alter_user_last_name_max_length	2025-01-13 10:57:42.700996+00
12	auth	0010_alter_group_name_max_length	2025-01-13 10:57:42.706855+00
13	auth	0011_update_proxy_permissions	2025-01-13 10:57:42.711973+00
14	auth	0012_alter_user_first_name_max_length	2025-01-13 10:57:42.721616+00
15	accounts	0001_initial	2025-01-13 10:57:42.761721+00
16	admin	0001_initial	2025-01-13 10:57:42.779515+00
17	admin	0002_logentry_remove_auto_add	2025-01-13 10:57:42.785623+00
18	admin	0003_logentry_add_action_flag_choices	2025-01-13 10:57:42.793377+00
19	calendarapp	0001_initial	2025-01-13 10:57:42.834943+00
20	clients	0001_initial	2025-01-13 10:57:42.899104+00
21	calendarapp	0002_initial	2025-01-13 10:57:42.964617+00
22	calendarapp	0003_alter_package_member_price_and_more	2025-01-13 10:57:42.978986+00
23	clients	0002_alter_registration_payment_type	2025-01-13 10:57:42.993351+00
24	sessions	0001_initial	2025-01-13 10:57:43.005901+00
\.


--
-- Data for Name: django_session; Type: TABLE DATA; Schema: public; Owner: postgres
--

COPY public.django_session (session_key, session_data, expire_date) FROM stdin;
k9lhta2cwjkqw4s2ehmu2l07oeg4yg2k	.eJxVjEEOwiAQRe_C2hCmwCAu3XuGZhhGqRpISrsy3l2bdKHb_977LzXSupRx7TKPU1YnBerwuyXih9QN5DvVW9Pc6jJPSW-K3mnXl5bled7dv4NCvXzr6C1BCugDhiE6exXPxgYHYMEZjjSYTAISrTAkiWQ9InJCdvEYvFPvD7WrNuc:1tXITe:EBMripXtqnfzY_sGTQAdXqEv0EtKdaPMF95laSpCRgU	2025-01-27 11:19:26.897852+00
\.


--
-- Name: accounts_user_groups_id_seq; Type: SEQUENCE SET; Schema: public; Owner: postgres
--

SELECT pg_catalog.setval('public.accounts_user_groups_id_seq', 1, false);


--
-- Name: accounts_user_id_seq; Type: SEQUENCE SET; Schema: public; Owner: postgres
--

SELECT pg_catalog.setval('public.accounts_user_id_seq', 1, true);


--
-- Name: accounts_user_user_permissions_id_seq; Type: SEQUENCE SET; Schema: public; Owner: postgres
--

SELECT pg_catalog.setval('public.accounts_user_user_permissions_id_seq', 1, false);


--
-- Name: auth_group_id_seq; Type: SEQUENCE SET; Schema: public; Owner: postgres
--

SELECT pg_catalog.setval('public.auth_group_id_seq', 1, false);


--
-- Name: auth_group_permissions_id_seq; Type: SEQUENCE SET; Schema: public; Owner: postgres
--

SELECT pg_catalog.setval('public.auth_group_permissions_id_seq', 1, false);


--
-- Name: auth_permission_id_seq; Type: SEQUENCE SET; Schema: public; Owner: postgres
--

SELECT pg_catalog.setval('public.auth_permission_id_seq', 72, true);


--
-- Name: calendarapp_classoccurrence_id_seq; Type: SEQUENCE SET; Schema: public; Owner: postgres
--

SELECT pg_catalog.setval('public.calendarapp_classoccurrence_id_seq', 1, false);


--
-- Name: calendarapp_event_id_seq; Type: SEQUENCE SET; Schema: public; Owner: postgres
--

SELECT pg_catalog.setval('public.calendarapp_event_id_seq', 1, false);


--
-- Name: calendarapp_eventmember_id_seq; Type: SEQUENCE SET; Schema: public; Owner: postgres
--

SELECT pg_catalog.setval('public.calendarapp_eventmember_id_seq', 1, false);


--
-- Name: calendarapp_instructor_id_seq; Type: SEQUENCE SET; Schema: public; Owner: postgres
--

SELECT pg_catalog.setval('public.calendarapp_instructor_id_seq', 1, false);


--
-- Name: calendarapp_package_id_seq; Type: SEQUENCE SET; Schema: public; Owner: postgres
--

SELECT pg_catalog.setval('public.calendarapp_package_id_seq', 1, false);


--
-- Name: calendarapp_packagetype_id_seq; Type: SEQUENCE SET; Schema: public; Owner: postgres
--

SELECT pg_catalog.setval('public.calendarapp_packagetype_id_seq', 1, false);


--
-- Name: calendarapp_studiolocation_id_seq; Type: SEQUENCE SET; Schema: public; Owner: postgres
--

SELECT pg_catalog.setval('public.calendarapp_studiolocation_id_seq', 1, false);


--
-- Name: clients_attendance_id_seq; Type: SEQUENCE SET; Schema: public; Owner: postgres
--

SELECT pg_catalog.setval('public.clients_attendance_id_seq', 1, false);


--
-- Name: clients_client_id_seq; Type: SEQUENCE SET; Schema: public; Owner: postgres
--

SELECT pg_catalog.setval('public.clients_client_id_seq', 1, true);


--
-- Name: clients_registration_id_seq; Type: SEQUENCE SET; Schema: public; Owner: postgres
--

SELECT pg_catalog.setval('public.clients_registration_id_seq', 1, false);


--
-- Name: clients_transaction_id_seq; Type: SEQUENCE SET; Schema: public; Owner: postgres
--

SELECT pg_catalog.setval('public.clients_transaction_id_seq', 1, false);


--
-- Name: clients_transactionsettings_id_seq; Type: SEQUENCE SET; Schema: public; Owner: postgres
--

SELECT pg_catalog.setval('public.clients_transactionsettings_id_seq', 1, false);


--
-- Name: django_admin_log_id_seq; Type: SEQUENCE SET; Schema: public; Owner: postgres
--

SELECT pg_catalog.setval('public.django_admin_log_id_seq', 1, false);


--
-- Name: django_content_type_id_seq; Type: SEQUENCE SET; Schema: public; Owner: postgres
--

SELECT pg_catalog.setval('public.django_content_type_id_seq', 18, true);


--
-- Name: django_migrations_id_seq; Type: SEQUENCE SET; Schema: public; Owner: postgres
--

SELECT pg_catalog.setval('public.django_migrations_id_seq', 24, true);


--
-- Name: accounts_user accounts_user_email_key; Type: CONSTRAINT; Schema: public; Owner: postgres
--

ALTER TABLE ONLY public.accounts_user
    ADD CONSTRAINT accounts_user_email_key UNIQUE (email);


--
-- Name: accounts_user_groups accounts_user_groups_pkey; Type: CONSTRAINT; Schema: public; Owner: postgres
--

ALTER TABLE ONLY public.accounts_user_groups
    ADD CONSTRAINT accounts_user_groups_pkey PRIMARY KEY (id);


--
-- Name: accounts_user_groups accounts_user_groups_user_id_group_id_59c0b32f_uniq; Type: CONSTRAINT; Schema: public; Owner: postgres
--

ALTER TABLE ONLY public.accounts_user_groups
    ADD CONSTRAINT accounts_user_groups_user_id_group_id_59c0b32f_uniq UNIQUE (user_id, group_id);


--
-- Name: accounts_user accounts_user_pkey; Type: CONSTRAINT; Schema: public; Owner: postgres
--

ALTER TABLE ONLY public.accounts_user
    ADD CONSTRAINT accounts_user_pkey PRIMARY KEY (id);


--
-- Name: accounts_user_user_permissions accounts_user_user_permi_user_id_permission_id_2ab516c2_uniq; Type: CONSTRAINT; Schema: public; Owner: postgres
--

ALTER TABLE ONLY public.accounts_user_user_permissions
    ADD CONSTRAINT accounts_user_user_permi_user_id_permission_id_2ab516c2_uniq UNIQUE (user_id, permission_id);


--
-- Name: accounts_user_user_permissions accounts_user_user_permissions_pkey; Type: CONSTRAINT; Schema: public; Owner: postgres
--

ALTER TABLE ONLY public.accounts_user_user_permissions
    ADD CONSTRAINT accounts_user_user_permissions_pkey PRIMARY KEY (id);


--
-- Name: auth_group auth_group_name_key; Type: CONSTRAINT; Schema: public; Owner: postgres
--

ALTER TABLE ONLY public.auth_group
    ADD CONSTRAINT auth_group_name_key UNIQUE (name);


--
-- Name: auth_group_permissions auth_group_permissions_group_id_permission_id_0cd325b0_uniq; Type: CONSTRAINT; Schema: public; Owner: postgres
--

ALTER TABLE ONLY public.auth_group_permissions
    ADD CONSTRAINT auth_group_permissions_group_id_permission_id_0cd325b0_uniq UNIQUE (group_id, permission_id);


--
-- Name: auth_group_permissions auth_group_permissions_pkey; Type: CONSTRAINT; Schema: public; Owner: postgres
--

ALTER TABLE ONLY public.auth_group_permissions
    ADD CONSTRAINT auth_group_permissions_pkey PRIMARY KEY (id);


--
-- Name: auth_group auth_group_pkey; Type: CONSTRAINT; Schema: public; Owner: postgres
--

ALTER TABLE ONLY public.auth_group
    ADD CONSTRAINT auth_group_pkey PRIMARY KEY (id);


--
-- Name: auth_permission auth_permission_content_type_id_codename_01ab375a_uniq; Type: CONSTRAINT; Schema: public; Owner: postgres
--

ALTER TABLE ONLY public.auth_permission
    ADD CONSTRAINT auth_permission_content_type_id_codename_01ab375a_uniq UNIQUE (content_type_id, codename);


--
-- Name: auth_permission auth_permission_pkey; Type: CONSTRAINT; Schema: public; Owner: postgres
--

ALTER TABLE ONLY public.auth_permission
    ADD CONSTRAINT auth_permission_pkey PRIMARY KEY (id);


--
-- Name: calendarapp_classoccurrence calendarapp_classoccurrence_pkey; Type: CONSTRAINT; Schema: public; Owner: postgres
--

ALTER TABLE ONLY public.calendarapp_classoccurrence
    ADD CONSTRAINT calendarapp_classoccurrence_pkey PRIMARY KEY (id);


--
-- Name: calendarapp_event calendarapp_event_pkey; Type: CONSTRAINT; Schema: public; Owner: postgres
--

ALTER TABLE ONLY public.calendarapp_event
    ADD CONSTRAINT calendarapp_event_pkey PRIMARY KEY (id);


--
-- Name: calendarapp_eventmember calendarapp_eventmember_event_id_user_id_fe349612_uniq; Type: CONSTRAINT; Schema: public; Owner: postgres
--

ALTER TABLE ONLY public.calendarapp_eventmember
    ADD CONSTRAINT calendarapp_eventmember_event_id_user_id_fe349612_uniq UNIQUE (event_id, user_id);


--
-- Name: calendarapp_eventmember calendarapp_eventmember_pkey; Type: CONSTRAINT; Schema: public; Owner: postgres
--

ALTER TABLE ONLY public.calendarapp_eventmember
    ADD CONSTRAINT calendarapp_eventmember_pkey PRIMARY KEY (id);


--
-- Name: calendarapp_instructor calendarapp_instructor_pkey; Type: CONSTRAINT; Schema: public; Owner: postgres
--

ALTER TABLE ONLY public.calendarapp_instructor
    ADD CONSTRAINT calendarapp_instructor_pkey PRIMARY KEY (id);


--
-- Name: calendarapp_package calendarapp_package_pkey; Type: CONSTRAINT; Schema: public; Owner: postgres
--

ALTER TABLE ONLY public.calendarapp_package
    ADD CONSTRAINT calendarapp_package_pkey PRIMARY KEY (id);


--
-- Name: calendarapp_packagetype calendarapp_packagetype_pkey; Type: CONSTRAINT; Schema: public; Owner: postgres
--

ALTER TABLE ONLY public.calendarapp_packagetype
    ADD CONSTRAINT calendarapp_packagetype_pkey PRIMARY KEY (id);


--
-- Name: calendarapp_studiolocation calendarapp_studiolocation_pkey; Type: CONSTRAINT; Schema: public; Owner: postgres
--

ALTER TABLE ONLY public.calendarapp_studiolocation
    ADD CONSTRAINT calendarapp_studiolocation_pkey PRIMARY KEY (id);


--
-- Name: clients_attendance clients_attendance_pkey; Type: CONSTRAINT; Schema: public; Owner: postgres
--

ALTER TABLE ONLY public.clients_attendance
    ADD CONSTRAINT clients_attendance_pkey PRIMARY KEY (id);


--
-- Name: clients_client clients_client_pkey; Type: CONSTRAINT; Schema: public; Owner: postgres
--

ALTER TABLE ONLY public.clients_client
    ADD CONSTRAINT clients_client_pkey PRIMARY KEY (id);


--
-- Name: clients_registration clients_registration_pkey; Type: CONSTRAINT; Schema: public; Owner: postgres
--

ALTER TABLE ONLY public.clients_registration
    ADD CONSTRAINT clients_registration_pkey PRIMARY KEY (id);


--
-- Name: clients_transaction clients_transaction_pkey; Type: CONSTRAINT; Schema: public; Owner: postgres
--

ALTER TABLE ONLY public.clients_transaction
    ADD CONSTRAINT clients_transaction_pkey PRIMARY KEY (id);


--
-- Name: clients_transaction clients_transaction_receipt_number_key; Type: CONSTRAINT; Schema: public; Owner: postgres
--

ALTER TABLE ONLY public.clients_transaction
    ADD CONSTRAINT clients_transaction_receipt_number_key UNIQUE (receipt_number);


--
-- Name: clients_transactionsettings clients_transactionsettings_pkey; Type: CONSTRAINT; Schema: public; Owner: postgres
--

ALTER TABLE ONLY public.clients_transactionsettings
    ADD CONSTRAINT clients_transactionsettings_pkey PRIMARY KEY (id);


--
-- Name: django_admin_log django_admin_log_pkey; Type: CONSTRAINT; Schema: public; Owner: postgres
--

ALTER TABLE ONLY public.django_admin_log
    ADD CONSTRAINT django_admin_log_pkey PRIMARY KEY (id);


--
-- Name: django_content_type django_content_type_app_label_model_76bd3d3b_uniq; Type: CONSTRAINT; Schema: public; Owner: postgres
--

ALTER TABLE ONLY public.django_content_type
    ADD CONSTRAINT django_content_type_app_label_model_76bd3d3b_uniq UNIQUE (app_label, model);


--
-- Name: django_content_type django_content_type_pkey; Type: CONSTRAINT; Schema: public; Owner: postgres
--

ALTER TABLE ONLY public.django_content_type
    ADD CONSTRAINT django_content_type_pkey PRIMARY KEY (id);


--
-- Name: django_migrations django_migrations_pkey; Type: CONSTRAINT; Schema: public; Owner: postgres
--

ALTER TABLE ONLY public.django_migrations
    ADD CONSTRAINT django_migrations_pkey PRIMARY KEY (id);


--
-- Name: django_session django_session_pkey; Type: CONSTRAINT; Schema: public; Owner: postgres
--

ALTER TABLE ONLY public.django_session
    ADD CONSTRAINT django_session_pkey PRIMARY KEY (session_key);


--
-- Name: accounts_user_email_b2644a56_like; Type: INDEX; Schema: public; Owner: postgres
--

CREATE INDEX accounts_user_email_b2644a56_like ON public.accounts_user USING btree (email varchar_pattern_ops);


--
-- Name: accounts_user_groups_group_id_bd11a704; Type: INDEX; Schema: public; Owner: postgres
--

CREATE INDEX accounts_user_groups_group_id_bd11a704 ON public.accounts_user_groups USING btree (group_id);


--
-- Name: accounts_user_groups_user_id_52b62117; Type: INDEX; Schema: public; Owner: postgres
--

CREATE INDEX accounts_user_groups_user_id_52b62117 ON public.accounts_user_groups USING btree (user_id);


--
-- Name: accounts_user_user_permissions_permission_id_113bb443; Type: INDEX; Schema: public; Owner: postgres
--

CREATE INDEX accounts_user_user_permissions_permission_id_113bb443 ON public.accounts_user_user_permissions USING btree (permission_id);


--
-- Name: accounts_user_user_permissions_user_id_e4f0a161; Type: INDEX; Schema: public; Owner: postgres
--

CREATE INDEX accounts_user_user_permissions_user_id_e4f0a161 ON public.accounts_user_user_permissions USING btree (user_id);


--
-- Name: auth_group_name_a6ea08ec_like; Type: INDEX; Schema: public; Owner: postgres
--

CREATE INDEX auth_group_name_a6ea08ec_like ON public.auth_group USING btree (name varchar_pattern_ops);


--
-- Name: auth_group_permissions_group_id_b120cbf9; Type: INDEX; Schema: public; Owner: postgres
--

CREATE INDEX auth_group_permissions_group_id_b120cbf9 ON public.auth_group_permissions USING btree (group_id);


--
-- Name: auth_group_permissions_permission_id_84c5c92e; Type: INDEX; Schema: public; Owner: postgres
--

CREATE INDEX auth_group_permissions_permission_id_84c5c92e ON public.auth_group_permissions USING btree (permission_id);


--
-- Name: auth_permission_content_type_id_2f476e4b; Type: INDEX; Schema: public; Owner: postgres
--

CREATE INDEX auth_permission_content_type_id_2f476e4b ON public.auth_permission USING btree (content_type_id);


--
-- Name: calendarapp_classoccurrence_event_id_42d54c00; Type: INDEX; Schema: public; Owner: postgres
--

CREATE INDEX calendarapp_classoccurrence_event_id_42d54c00 ON public.calendarapp_classoccurrence USING btree (event_id);


--
-- Name: calendarapp_event_instructor_id_ce9d3f82; Type: INDEX; Schema: public; Owner: postgres
--

CREATE INDEX calendarapp_event_instructor_id_ce9d3f82 ON public.calendarapp_event USING btree (instructor_id);


--
-- Name: calendarapp_event_studio_location_id_bfa73086; Type: INDEX; Schema: public; Owner: postgres
--

CREATE INDEX calendarapp_event_studio_location_id_bfa73086 ON public.calendarapp_event USING btree (studio_location_id);


--
-- Name: calendarapp_event_user_id_756b25e7; Type: INDEX; Schema: public; Owner: postgres
--

CREATE INDEX calendarapp_event_user_id_756b25e7 ON public.calendarapp_event USING btree (user_id);


--
-- Name: calendarapp_eventmember_event_id_dc63d946; Type: INDEX; Schema: public; Owner: postgres
--

CREATE INDEX calendarapp_eventmember_event_id_dc63d946 ON public.calendarapp_eventmember USING btree (event_id);


--
-- Name: calendarapp_eventmember_user_id_f53d98ff; Type: INDEX; Schema: public; Owner: postgres
--

CREATE INDEX calendarapp_eventmember_user_id_f53d98ff ON public.calendarapp_eventmember USING btree (user_id);


--
-- Name: calendarapp_package_package_type_id_a92c2002; Type: INDEX; Schema: public; Owner: postgres
--

CREATE INDEX calendarapp_package_package_type_id_a92c2002 ON public.calendarapp_package USING btree (package_type_id);


--
-- Name: clients_attendance_client_id_e8ee3502; Type: INDEX; Schema: public; Owner: postgres
--

CREATE INDEX clients_attendance_client_id_e8ee3502 ON public.clients_attendance USING btree (client_id);


--
-- Name: clients_attendance_event_id_d69bb7ba; Type: INDEX; Schema: public; Owner: postgres
--

CREATE INDEX clients_attendance_event_id_d69bb7ba ON public.clients_attendance USING btree (event_id);


--
-- Name: clients_registration_class_obj_id_30c36f28; Type: INDEX; Schema: public; Owner: postgres
--

CREATE INDEX clients_registration_class_obj_id_30c36f28 ON public.clients_registration USING btree (class_obj_id);


--
-- Name: clients_registration_client_id_91d29b62; Type: INDEX; Schema: public; Owner: postgres
--

CREATE INDEX clients_registration_client_id_91d29b62 ON public.clients_registration USING btree (client_id);


--
-- Name: clients_registration_expiration_date_5a3ab1bf; Type: INDEX; Schema: public; Owner: postgres
--

CREATE INDEX clients_registration_expiration_date_5a3ab1bf ON public.clients_registration USING btree (expiration_date);


--
-- Name: clients_registration_package_id_b7204ab6; Type: INDEX; Schema: public; Owner: postgres
--

CREATE INDEX clients_registration_package_id_b7204ab6 ON public.clients_registration USING btree (package_id);


--
-- Name: clients_registration_package_type_id_b5b148fd; Type: INDEX; Schema: public; Owner: postgres
--

CREATE INDEX clients_registration_package_type_id_b5b148fd ON public.clients_registration USING btree (package_type_id);


--
-- Name: clients_transaction_client_id_3aea1a5a; Type: INDEX; Schema: public; Owner: postgres
--

CREATE INDEX clients_transaction_client_id_3aea1a5a ON public.clients_transaction USING btree (client_id);


--
-- Name: clients_transaction_registration_id_6531d419; Type: INDEX; Schema: public; Owner: postgres
--

CREATE INDEX clients_transaction_registration_id_6531d419 ON public.clients_transaction USING btree (registration_id);


--
-- Name: django_admin_log_content_type_id_c4bce8eb; Type: INDEX; Schema: public; Owner: postgres
--

CREATE INDEX django_admin_log_content_type_id_c4bce8eb ON public.django_admin_log USING btree (content_type_id);


--
-- Name: django_admin_log_user_id_c564eba6; Type: INDEX; Schema: public; Owner: postgres
--

CREATE INDEX django_admin_log_user_id_c564eba6 ON public.django_admin_log USING btree (user_id);


--
-- Name: django_session_expire_date_a5c62663; Type: INDEX; Schema: public; Owner: postgres
--

CREATE INDEX django_session_expire_date_a5c62663 ON public.django_session USING btree (expire_date);


--
-- Name: django_session_session_key_c0390e0f_like; Type: INDEX; Schema: public; Owner: postgres
--

CREATE INDEX django_session_session_key_c0390e0f_like ON public.django_session USING btree (session_key varchar_pattern_ops);


--
-- Name: accounts_user_groups accounts_user_groups_group_id_bd11a704_fk_auth_group_id; Type: FK CONSTRAINT; Schema: public; Owner: postgres
--

ALTER TABLE ONLY public.accounts_user_groups
    ADD CONSTRAINT accounts_user_groups_group_id_bd11a704_fk_auth_group_id FOREIGN KEY (group_id) REFERENCES public.auth_group(id) DEFERRABLE INITIALLY DEFERRED;


--
-- Name: accounts_user_groups accounts_user_groups_user_id_52b62117_fk_accounts_user_id; Type: FK CONSTRAINT; Schema: public; Owner: postgres
--

ALTER TABLE ONLY public.accounts_user_groups
    ADD CONSTRAINT accounts_user_groups_user_id_52b62117_fk_accounts_user_id FOREIGN KEY (user_id) REFERENCES public.accounts_user(id) DEFERRABLE INITIALLY DEFERRED;


--
-- Name: accounts_user_user_permissions accounts_user_user_p_permission_id_113bb443_fk_auth_perm; Type: FK CONSTRAINT; Schema: public; Owner: postgres
--

ALTER TABLE ONLY public.accounts_user_user_permissions
    ADD CONSTRAINT accounts_user_user_p_permission_id_113bb443_fk_auth_perm FOREIGN KEY (permission_id) REFERENCES public.auth_permission(id) DEFERRABLE INITIALLY DEFERRED;


--
-- Name: accounts_user_user_permissions accounts_user_user_p_user_id_e4f0a161_fk_accounts_; Type: FK CONSTRAINT; Schema: public; Owner: postgres
--

ALTER TABLE ONLY public.accounts_user_user_permissions
    ADD CONSTRAINT accounts_user_user_p_user_id_e4f0a161_fk_accounts_ FOREIGN KEY (user_id) REFERENCES public.accounts_user(id) DEFERRABLE INITIALLY DEFERRED;


--
-- Name: auth_group_permissions auth_group_permissio_permission_id_84c5c92e_fk_auth_perm; Type: FK CONSTRAINT; Schema: public; Owner: postgres
--

ALTER TABLE ONLY public.auth_group_permissions
    ADD CONSTRAINT auth_group_permissio_permission_id_84c5c92e_fk_auth_perm FOREIGN KEY (permission_id) REFERENCES public.auth_permission(id) DEFERRABLE INITIALLY DEFERRED;


--
-- Name: auth_group_permissions auth_group_permissions_group_id_b120cbf9_fk_auth_group_id; Type: FK CONSTRAINT; Schema: public; Owner: postgres
--

ALTER TABLE ONLY public.auth_group_permissions
    ADD CONSTRAINT auth_group_permissions_group_id_b120cbf9_fk_auth_group_id FOREIGN KEY (group_id) REFERENCES public.auth_group(id) DEFERRABLE INITIALLY DEFERRED;


--
-- Name: auth_permission auth_permission_content_type_id_2f476e4b_fk_django_co; Type: FK CONSTRAINT; Schema: public; Owner: postgres
--

ALTER TABLE ONLY public.auth_permission
    ADD CONSTRAINT auth_permission_content_type_id_2f476e4b_fk_django_co FOREIGN KEY (content_type_id) REFERENCES public.django_content_type(id) DEFERRABLE INITIALLY DEFERRED;


--
-- Name: calendarapp_classoccurrence calendarapp_classocc_event_id_42d54c00_fk_calendara; Type: FK CONSTRAINT; Schema: public; Owner: postgres
--

ALTER TABLE ONLY public.calendarapp_classoccurrence
    ADD CONSTRAINT calendarapp_classocc_event_id_42d54c00_fk_calendara FOREIGN KEY (event_id) REFERENCES public.calendarapp_event(id) DEFERRABLE INITIALLY DEFERRED;


--
-- Name: calendarapp_event calendarapp_event_instructor_id_ce9d3f82_fk_calendara; Type: FK CONSTRAINT; Schema: public; Owner: postgres
--

ALTER TABLE ONLY public.calendarapp_event
    ADD CONSTRAINT calendarapp_event_instructor_id_ce9d3f82_fk_calendara FOREIGN KEY (instructor_id) REFERENCES public.calendarapp_instructor(id) DEFERRABLE INITIALLY DEFERRED;


--
-- Name: calendarapp_event calendarapp_event_studio_location_id_bfa73086_fk_calendara; Type: FK CONSTRAINT; Schema: public; Owner: postgres
--

ALTER TABLE ONLY public.calendarapp_event
    ADD CONSTRAINT calendarapp_event_studio_location_id_bfa73086_fk_calendara FOREIGN KEY (studio_location_id) REFERENCES public.calendarapp_studiolocation(id) DEFERRABLE INITIALLY DEFERRED;


--
-- Name: calendarapp_event calendarapp_event_user_id_756b25e7_fk_accounts_user_id; Type: FK CONSTRAINT; Schema: public; Owner: postgres
--

ALTER TABLE ONLY public.calendarapp_event
    ADD CONSTRAINT calendarapp_event_user_id_756b25e7_fk_accounts_user_id FOREIGN KEY (user_id) REFERENCES public.accounts_user(id) DEFERRABLE INITIALLY DEFERRED;


--
-- Name: calendarapp_eventmember calendarapp_eventmem_event_id_dc63d946_fk_calendara; Type: FK CONSTRAINT; Schema: public; Owner: postgres
--

ALTER TABLE ONLY public.calendarapp_eventmember
    ADD CONSTRAINT calendarapp_eventmem_event_id_dc63d946_fk_calendara FOREIGN KEY (event_id) REFERENCES public.calendarapp_event(id) DEFERRABLE INITIALLY DEFERRED;


--
-- Name: calendarapp_eventmember calendarapp_eventmember_user_id_f53d98ff_fk_clients_client_id; Type: FK CONSTRAINT; Schema: public; Owner: postgres
--

ALTER TABLE ONLY public.calendarapp_eventmember
    ADD CONSTRAINT calendarapp_eventmember_user_id_f53d98ff_fk_clients_client_id FOREIGN KEY (user_id) REFERENCES public.clients_client(id) DEFERRABLE INITIALLY DEFERRED;


--
-- Name: calendarapp_package calendarapp_package_package_type_id_a92c2002_fk_calendara; Type: FK CONSTRAINT; Schema: public; Owner: postgres
--

ALTER TABLE ONLY public.calendarapp_package
    ADD CONSTRAINT calendarapp_package_package_type_id_a92c2002_fk_calendara FOREIGN KEY (package_type_id) REFERENCES public.calendarapp_packagetype(id) DEFERRABLE INITIALLY DEFERRED;


--
-- Name: clients_attendance clients_attendance_client_id_e8ee3502_fk_clients_client_id; Type: FK CONSTRAINT; Schema: public; Owner: postgres
--

ALTER TABLE ONLY public.clients_attendance
    ADD CONSTRAINT clients_attendance_client_id_e8ee3502_fk_clients_client_id FOREIGN KEY (client_id) REFERENCES public.clients_client(id) DEFERRABLE INITIALLY DEFERRED;


--
-- Name: clients_attendance clients_attendance_event_id_d69bb7ba_fk_calendarapp_event_id; Type: FK CONSTRAINT; Schema: public; Owner: postgres
--

ALTER TABLE ONLY public.clients_attendance
    ADD CONSTRAINT clients_attendance_event_id_d69bb7ba_fk_calendarapp_event_id FOREIGN KEY (event_id) REFERENCES public.calendarapp_event(id) DEFERRABLE INITIALLY DEFERRED;


--
-- Name: clients_registration clients_registration_class_obj_id_30c36f28_fk_calendara; Type: FK CONSTRAINT; Schema: public; Owner: postgres
--

ALTER TABLE ONLY public.clients_registration
    ADD CONSTRAINT clients_registration_class_obj_id_30c36f28_fk_calendara FOREIGN KEY (class_obj_id) REFERENCES public.calendarapp_event(id) DEFERRABLE INITIALLY DEFERRED;


--
-- Name: clients_registration clients_registration_client_id_91d29b62_fk_clients_client_id; Type: FK CONSTRAINT; Schema: public; Owner: postgres
--

ALTER TABLE ONLY public.clients_registration
    ADD CONSTRAINT clients_registration_client_id_91d29b62_fk_clients_client_id FOREIGN KEY (client_id) REFERENCES public.clients_client(id) DEFERRABLE INITIALLY DEFERRED;


--
-- Name: clients_registration clients_registration_package_id_b7204ab6_fk_calendara; Type: FK CONSTRAINT; Schema: public; Owner: postgres
--

ALTER TABLE ONLY public.clients_registration
    ADD CONSTRAINT clients_registration_package_id_b7204ab6_fk_calendara FOREIGN KEY (package_id) REFERENCES public.calendarapp_package(id) DEFERRABLE INITIALLY DEFERRED;


--
-- Name: clients_registration clients_registration_package_type_id_b5b148fd_fk_calendara; Type: FK CONSTRAINT; Schema: public; Owner: postgres
--

ALTER TABLE ONLY public.clients_registration
    ADD CONSTRAINT clients_registration_package_type_id_b5b148fd_fk_calendara FOREIGN KEY (package_type_id) REFERENCES public.calendarapp_packagetype(id) DEFERRABLE INITIALLY DEFERRED;


--
-- Name: clients_transaction clients_transaction_client_id_3aea1a5a_fk_clients_client_id; Type: FK CONSTRAINT; Schema: public; Owner: postgres
--

ALTER TABLE ONLY public.clients_transaction
    ADD CONSTRAINT clients_transaction_client_id_3aea1a5a_fk_clients_client_id FOREIGN KEY (client_id) REFERENCES public.clients_client(id) DEFERRABLE INITIALLY DEFERRED;


--
-- Name: clients_transaction clients_transaction_registration_id_6531d419_fk_clients_r; Type: FK CONSTRAINT; Schema: public; Owner: postgres
--

ALTER TABLE ONLY public.clients_transaction
    ADD CONSTRAINT clients_transaction_registration_id_6531d419_fk_clients_r FOREIGN KEY (registration_id) REFERENCES public.clients_registration(id) DEFERRABLE INITIALLY DEFERRED;


--
-- Name: django_admin_log django_admin_log_content_type_id_c4bce8eb_fk_django_co; Type: FK CONSTRAINT; Schema: public; Owner: postgres
--

ALTER TABLE ONLY public.django_admin_log
    ADD CONSTRAINT django_admin_log_content_type_id_c4bce8eb_fk_django_co FOREIGN KEY (content_type_id) REFERENCES public.django_content_type(id) DEFERRABLE INITIALLY DEFERRED;


--
-- Name: django_admin_log django_admin_log_user_id_c564eba6_fk_accounts_user_id; Type: FK CONSTRAINT; Schema: public; Owner: postgres
--

ALTER TABLE ONLY public.django_admin_log
    ADD CONSTRAINT django_admin_log_user_id_c564eba6_fk_accounts_user_id FOREIGN KEY (user_id) REFERENCES public.accounts_user(id) DEFERRABLE INITIALLY DEFERRED;


--
-- PostgreSQL database dump complete
--

